[
  {
    "Id": "1443389",
    "ThreadId": "644645",
    "Html": "What does this error mean? \r<br />\n<br />\nHow do I under VB.net see if a task is created already or not? I've search online but couldn't really find anything that will help. <br />\n",
    "PostedDate": "2015-09-06T16:18:08.267-07:00",
    "UserRole": null,
    "MarkedAsAnswerDate": null
  },
  {
    "Id": "1443398",
    "ThreadId": "644645",
    "Html": "That error usually means that the TaskDefinition.Principle.UserId or the userId parameter of the RegisterTaskDefinition has been supplied an invalid user account name.<br />\n<br />\nTo answer the second question:<br />\n<pre><code>Using TS As New TaskService()\n   If TS.FindTask(&quot;MyTaskNameHere&quot;) = Null Then\n      ' You don't have that task\n   End If\nEnd Using</code></pre>\n\n",
    "PostedDate": "2015-09-06T20:42:22.767-07:00",
    "UserRole": null,
    "MarkedAsAnswerDate": "2015-09-06T20:42:25.327-07:00"
  },
  {
    "Id": "1443403",
    "ThreadId": "644645",
    "Html": "Thank you for the reply,\r<br />\n<br />\nthat's weird because it everything was working great until I updated my program and then that happened but It only happened once so far. <br />\n",
    "PostedDate": "2015-09-06T21:57:39.473-07:00",
    "UserRole": null,
    "MarkedAsAnswerDate": null
  },
  {
    "Id": "1443404",
    "ThreadId": "644645",
    "Html": "also your code<br />\n<pre><code>Using TS As New TaskService()\n   If TS.FindTask(&quot;MyTaskNameHere&quot;) = Nothing Then\n      ' You don't have that task\n   End If\nEnd Using</code></pre>\n\nthe = says its on a declared type in your DLL.  <br />\n",
    "PostedDate": "2015-09-06T22:01:21.523-07:00",
    "UserRole": null,
    "MarkedAsAnswerDate": null
  },
  {
    "Id": "1443588",
    "ThreadId": "644645",
    "Html": "Try with Null as in the changed example<br />\n",
    "PostedDate": "2015-09-08T06:53:11.86-07:00",
    "UserRole": null,
    "MarkedAsAnswerDate": null
  }
]