[
  {
    "Id": "1457272",
    "ThreadId": "649348",
    "Html": "The Windows task scheduler blocks attempts to set a trigger to an interval of less than 1 minute. For example, trying to enter '30 seconds' results in this error message: <a href=\"http://screencast.com/t/VcEt9MTylG\" rel=\"nofollow\">http://screencast.com/t/VcEt9MTylG</a>\r<br />\nPlease consider adding a similar message to the trigger dialogs of the library.\r<br />\n<br />\nCurrently, the library dialog closes and the user is not aware that (because the value was invalid) the interval option became disabled.<br />\n",
    "PostedDate": "2015-12-27T11:28:20.33-08:00",
    "UserRole": null,
    "MarkedAsAnswerDate": null
  },
  {
    "Id": "1457365",
    "ThreadId": "649348",
    "Html": "Good idea. I'll get that into the next release.<br />\n",
    "PostedDate": "2015-12-28T10:38:03.47-08:00",
    "UserRole": null,
    "MarkedAsAnswerDate": "2015-12-30T08:02:07.867-08:00"
  }
]