[
  {
    "Id": "196844",
    "ThreadId": "58221",
    "Html": "<p>Hello,</p>\r\n<p>Can I create a task that can run at a particular time say every day at 12:30 PM (even with the minutes).</p>\r\n<p>One more thing I need to know is,</p>\r\n<p>I have an application that takes arguments as input to run.&nbsp;</p>\r\n<p>so,&nbsp;how to create a task to run the program along with arguments.</p>\r\n<p>(In the old version of the dll we have oTask.parameters property to set this)</p>\r\n<p>Please help me, I am modifying the code from the old dll to the new one.</p>\r\n<p>Thanks for the help.</p>",
    "PostedDate": "2009-06-02T07:36:48.793-07:00",
    "UserRole": null,
    "MarkedAsAnswerDate": null
  },
  {
    "Id": "196956",
    "ThreadId": "58221",
    "Html": "<p>I think you are looking for the ExecAction.Arguments property. It will allow you to supply the arguments to the application you have referenced in the ExecAction.Path property. You can also supply both in the constructor for that type of action. You then add the action to the TaskDefintion.Actions property and make sure you are registering or re-registering the task when done.</p>",
    "PostedDate": "2009-06-02T12:20:45.513-07:00",
    "UserRole": null,
    "MarkedAsAnswerDate": null
  },
  {
    "Id": "197307",
    "ThreadId": "58221",
    "Html": "<p>Thanks for the Hint. Now I am able to send the parameters and get it working.</p>\r\n<p>what about setting the task with minutes accuracy (like 12:30 PM)?</p>\r\n<p>I am not able to find this in the documentation.</p>\r\n<p>Please tell wheather this feature is available in this dll or not.</p>\r\n<p>&nbsp;</p>\r\n<p>&nbsp;</p>",
    "PostedDate": "2009-06-03T08:49:25.3-07:00",
    "UserRole": null,
    "MarkedAsAnswerDate": null
  },
  {
    "Id": "198432",
    "ThreadId": "58221",
    "Html": "<p>To set a trigger that runs each day at a specific time use a DailyTrigger with the StartBoundary set to the date and time you wish to start the daily interval on.</p>\r\n<div style=\"color:Black;background-color:White\">\r\n<pre>taskDefinition.Triggers.Add(<span style=\"color:Blue\">new</span> DailyTrigger() { DaysInterval = 1, StartBoundary = <span style=\"color:Blue\">new</span> DateTime(2009, 6, 6, 12, 30, 0) });</pre>\r\n</div>",
    "PostedDate": "2009-06-05T15:12:24.527-07:00",
    "UserRole": null,
    "MarkedAsAnswerDate": null
  }
]