[
  {
    "Id": "1087498",
    "ThreadId": "455214",
    "Html": "Just wanted to say thanks for this project.  It made it extremely easy to manage scheduled tasks for a project I was working on.<br />\n",
    "PostedDate": "2013-09-02T19:12:41.07-07:00",
    "UserRole": null,
    "MarkedAsAnswerDate": null
  },
  {
    "Id": "1090824",
    "ThreadId": "455214",
    "Html": "Glad you like it. Please take a moment to provide a review and/or ranking for the current release.<br />\n",
    "PostedDate": "2013-09-10T12:40:43.847-07:00",
    "UserRole": null,
    "MarkedAsAnswerDate": null
  }
]