[
  {
    "Id": "890981",
    "ThreadId": "388890",
    "Html": "\r\n<p>Hi ALL<br>\r\n<br>\r\nI Want to call remotely windows task scheduler for this i am using Microsoft.Win32.TaskScheduler.dll and created object of TaskService class like<br>\r\n<br>\r\nTaskService 01_server = getTaskService(&quot;\\\\\\\\123.123.222.222&quot;, &quot;administrator&quot;, &quot;domain1&quot;, &quot;pwd0&quot;, false);<br>\r\nTaskService 02_server = getTaskService(&quot;\\\\\\\\123.122.222.222&quot;, &quot;administrator&quot;, &quot;domain2&quot;, &quot;pwd1&quot;, false);<br>\r\n<br>\r\nand bind task to grodview<br>\r\n<br>\r\nfor server 01_serve<br>\r\nDataTable dataTable = new DataTable();<br>\r\ndataTable.Columns.Add(&quot;TaskName&quot;);<br>\r\ndataTable.Columns.Add(&quot;TaskSchedule&quot;);<br>\r\ndataTable.Columns.Add(&quot;TaskNextRun&quot;);<br>\r\ndataTable.Columns.Add(&quot;TaskLastRun&quot;);<br>\r\ndataTable.Columns.Add(&quot;State&quot;);<br>\r\ndataTable.AcceptChanges();<br>\r\n<br>\r\nDataRow dataRow;<br>\r\nStringBuilder sbTaskSchedule = new StringBuilder();<br>\r\n<br>\r\nVersion ver = 01_server .HighestSupportedVersion;<br>\r\nbool newVer = (ver &gt;= new Version(1, 2));<br>\r\n<br>\r\nTaskFolder tf = 01_serve.RootFolder;<br>\r\n<br>\r\n<br>\r\nint ctaskNx =01_serve.RootFolder.Tasks.Count;<br>\r\n<br>\r\nfor (int i = 0; i &lt; ctaskNx; i&#43;&#43;)<br>\r\n{<br>\r\n<br>\r\nm_Task = 01_serve.RootFolder.Tasks[i];<br>\r\n<br>\r\nstring strFileNamePath = m_Task.Definition.Actions.ToString().Trim();<br>\r\n<br>\r\nif (strFileNamePath.Contains(&quot;.vbs&quot;))<br>\r\n{<br>\r\ndataRow = dataTable.NewRow();<br>\r\ndataRow[&quot;TaskName&quot;] = m_Task.Name.ToString().Trim();<br>\r\ndataRow[&quot;TaskNextRun&quot;] = m_Task.NextRunTime.ToString().Trim();<br>\r\ndataRow[&quot;TaskLastRun&quot;] = m_Task.LastRunTime.ToString().Trim();<br>\r\ndataRow[&quot;State&quot;] = m_Task.State.ToString().Trim();<br>\r\ndataTable.Rows.Add(dataRow);<br>\r\ndataTable.AcceptChanges();<br>\r\n}<br>\r\n}<br>\r\n<br>\r\nfor server 02_serve<br>\r\n<br>\r\nVersion ver = 02_server .HighestSupportedVersion;<br>\r\nbool newVer = (ver &gt;= new Version(1, 2));<br>\r\n<br>\r\nTaskFolder tf = 02_server.RootFolder;<br>\r\n<br>\r\n<br>\r\nint ctaskNx = 02_server.RootFolder.Tasks.Count;<br>\r\n<br>\r\nfor (int i = 0; i &lt; ctaskNx; i&#43;&#43;)<br>\r\n{<br>\r\n<br>\r\nm_Task = 02_server.RootFolder.Tasks[i];<br>\r\n<br>\r\nstring strFileNamePath = m_Task.Definition.Actions.ToString().Trim();<br>\r\n<br>\r\nif (strFileNamePath.Contains(&quot;.vbs&quot;))<br>\r\n{<br>\r\ndataRow = dataTable.NewRow();<br>\r\ndataRow[&quot;TaskName&quot;] = m_Task.Name.ToString().Trim();<br>\r\ndataRow[&quot;TaskNextRun&quot;] = m_Task.NextRunTime.ToString().Trim();<br>\r\ndataRow[&quot;TaskLastRun&quot;] = m_Task.LastRunTime.ToString().Trim();<br>\r\ndataRow[&quot;State&quot;] = m_Task.State.ToString().Trim();<br>\r\ndataTable.Rows.Add(dataRow);<br>\r\ndataTable.AcceptChanges();<br>\r\n}<br>\r\n}<br>\r\n<br>\r\nbut i am not able to get task from remote server<br>\r\nplease guide me where i am wrong<br>\r\n<br>\r\nthanks<br>\r\nvinod</p>\r\n",
    "PostedDate": "2012-07-25T02:36:00.277-07:00",
    "UserRole": null,
    "MarkedAsAnswerDate": null
  }
]