[
  {
    "Id": "1328184",
    "ThreadId": "573850",
    "Html": "Hello,\r<br />\n<br />\nI'm attempting to show all my tasks, however...\r<br />\n<br />\nWhile the code is showing all the folders, only the tasks that are in the Microsoft folder and its subfolders are being displayed.\r<br />\n<br />\nAny ideas?\r<br />\n<br />\nThanks!<br />\n",
    "PostedDate": "2014-12-02T12:55:02.17-08:00",
    "UserRole": null,
    "MarkedAsAnswerDate": null
  },
  {
    "Id": "1334648",
    "ThreadId": "573850",
    "Html": "This is likely a permissions problem. Make sure you are running the program that calls the code with sufficient rights to view all tasks. Start by running as Administrator and seeing if that allows all tasks to be seen.<br />\n",
    "PostedDate": "2014-12-18T12:06:11.997-08:00",
    "UserRole": null,
    "MarkedAsAnswerDate": "2015-01-14T15:56:14.94-08:00"
  },
  {
    "Id": "1335183",
    "ThreadId": "573850",
    "Html": "\r\n<div>\r\n<p><span style=\"font-size:11.0pt; font-family:\">Perfect!</span></p>\r\n<p><span style=\"font-size:11.0pt; font-family:\"><br>\r\nThank you very much!</span></p>\r\n<p><span style=\"font-size:11.0pt; font-family:\"></span></p>\r\n<div>\r\n<p><span style=\"font-size:11.0pt; font-family:\">Michael Winner</span></p>\r\n<p><span style=\"font-size:11.0pt; font-family:\">[email removed]</span></p>\r\n</div>\r\n<p><span style=\"font-size:11.0pt; font-family:\"></span></p>\r\n<div>\r\n<div style=\"border:none; border-top:solid #B5C4DF 1.0pt; padding:3.0pt 0in 0in 0in\">\r\n<p><b><span style=\"font-size:10.0pt; font-family:\"></span></b></p>\r\n</div>\r\n</div>\r\n</div>\r\n",
    "PostedDate": "2014-12-20T11:54:47.333-08:00",
    "UserRole": null,
    "MarkedAsAnswerDate": null
  }
]