[
  {
    "Id": "1012231",
    "ThreadId": "435861",
    "Html": "Hi, i have created a form in VS2012 with textboxes to enter starttime  (as 00:00) and a datetimepicker.<br />\nCan i pass this into the timetrigger?<br />\n I have this:<br />\n dateTimePicker1.Format = DateTimePickerFormat.Custom;<br />\n<pre><code>            dateTimePicker1.CustomFormat = &quot;yyyy, MM, dd&quot;;\n            string starttime = TB_starttime.Text;\n            string startdate = dateTimePicker1.Text;\n</code></pre>\n\ntaskdDef.Triggers.Add(new TimeTrigger(new DateTime(2012, 12, 31)));<br />\n<br />\nI tried as <br />\ntaskdDef.Triggers.Add(new TimeTrigger(new DateTime stardate)));<br />\nbut it doesn't work.<br />\n<br />\nAlso if i try to use more than 2 arguments on <br />\naskdDef.Actions.Add(new ExecAction(&quot;c:\\script.ps1&quot;, &quot;arg1&quot; +  dateTimePicker1, &quot;arg2&quot; + username, &quot;arg3&quot; + newsitecode, &quot;arg4&quot; + starttime ));<br />\n<br />\nI get an error saying<br />\nmicrosoft.win32.taskscheduler.execaction  does not contain a contructor that takes 4  arguments<br />\n<br />\nCan i add more than 2 arguments?<br />\nThanks<br />\n",
    "PostedDate": "2013-03-08T01:05:15.597-08:00",
    "UserRole": null,
    "MarkedAsAnswerDate": null
  },
  {
    "Id": "1012426",
    "ThreadId": "435861",
    "Html": "For the time trigger, you must supply a valid DateTime value as the only argument to the constructor:<br />\n<pre><code>taskDef.Triggers.Add(new TimeTrigger(new DateTime(dateTimePicker1.Value)));</code></pre>\n\nFor the action, the first argument is the executable (or script) and the second is a single string argument that contains the entire string passed to the executable:<br />\n<pre><code>taskDef.Actions.Add(new ExecAction(&quot;c:\\script.ps1&quot;, &quot;arg1&quot; + dateTimePicker1.Value.ToString() + &quot;arg2&quot; + username + &quot;arg3&quot; + newsitecode + &quot;arg4&quot; + starttime));</code></pre>\n\n",
    "PostedDate": "2013-03-08T09:19:26.81-08:00",
    "UserRole": null,
    "MarkedAsAnswerDate": null
  }
]