[
  {
    "Id": "956234",
    "ThreadId": "406815",
    "Html": "\r\n<p>I used TaskScheduler.dll (1.0) to create and register a task. It registers the task and runs on my machine. but when i deployed the executable to a diff machine it threw and exception -The data area passed to a system call is too small. (Exception from HRESULT:\r\n 0x8007007A).</p>\r\n<p>&nbsp;</p>\r\n<p>My code is similar to this sample code</p>\r\n<pre><span style=\"color:blue\"><br>using</span> (TaskService ts = <span style=\"color:blue\">new</span> TaskService())\r\n{\r\n   <span style=\"color:green\">// Create a new task definition and assign properties</span>\r\n   TaskDefinition td = ts.NewTask();\r\n   td.RegistrationInfo.Description = <span style=\"color:#a31515\">&quot;Does something&quot;</span>;\r\n   td.Principal.LogonType = TaskLogonType.InteractiveToken;\r\n\r\n   <span style=\"color:green\">// Add a trigger that will fire the task at this time every other day</span>\r\n   DailyTrigger dt = (DailyTrigger)td.Triggers.Add(<span style=\"color:blue\">new</span> DailyTrigger { DaysInterval = 2 });\r\n   dt.Repetition.Duration = TimeSpan.FromHours(4);\r\n   dt.Repetition.Interval = TimeSpan.FromHours(1);\r\n\r\n   <span style=\"color:green\">// Add a trigger that will fire every week on Friday</span>\r\n   td.Triggers.Add(<span style=\"color:blue\">new</span> WeeklyTrigger { StartBoundary = DateTime.Today &#43; TimeSpan.FromHours(2), DaysOfWeek = DaysOfTheWeek.Friday });\r\n\r\n   <span style=\"color:green\">// Add an action that will launch Notepad whenever the trigger fires</span>\r\n   td.Actions.Add(<span style=\"color:blue\">new</span> ExecAction(<span style=\"color:#a31515\">&quot;notepad.exe&quot;</span>, <span style=\"color:#a31515\">&quot;c:\\\\test.log&quot;</span>, <span style=\"color:blue\">null</span>));\r\n\r\n   <span style=\"color:green\">// Register the task in the root folder</span>\r\n   <span style=\"color:blue\">const</span> <span style=\"color:blue\">string</span> taskName = <span style=\"color:#a31515\">&quot;Test&quot;</span>;\r\n   ts.RootFolder.RegisterTaskDefinition(taskName, td);</pre>\r\n<p>}</p>\r\n<p>&nbsp;</p>\r\n<p>&nbsp;</p>\r\n",
    "PostedDate": "2012-12-14T11:01:30.03-08:00",
    "UserRole": null,
    "MarkedAsAnswerDate": null
  },
  {
    "Id": "956330",
    "ThreadId": "406815",
    "Html": "\r\n<p>Please provide the full stack behind the exception and let me know which OS verions the successful and unsuccessful code were run on. Also, please clarify what version of the library you are using. I don't know what TaskScheduler.dll (1.0) is. This library\r\n is currently at version 1.9.2 and should be named Microsoft.Win32.TaskScheduler.dll.</p>\r\n",
    "PostedDate": "2012-12-14T15:38:40.467-08:00",
    "UserRole": null,
    "MarkedAsAnswerDate": null
  },
  {
    "Id": "956406",
    "ThreadId": "406815",
    "Html": "\r\n<p>Hi here is the stack trace,</p>\r\n<p>Currently am using verision 1.8.3.15820 of the Microsoft.Win32.TaskScheduler.dll the OS is windows XP</p>\r\n<p>&nbsp;at System.Runtime.InteropServices.ComTypes.IPersistFile.Save(String pszFileName, Boolean fRemember)</p>\r\n<p>&nbsp;&nbsp; at Microsoft.Win32.TaskScheduler.TaskDefinition.V1Save(String newName)</p>\r\n<p>&nbsp;&nbsp; at Microsoft.Win32.TaskScheduler.TaskFolder.RegisterTaskDefinition(String Path, TaskDefinition definition, TaskCreation createType, String UserId, String password, TaskLogonType LogonType, String sddl)</p>\r\n<p>&nbsp;&nbsp; at Microsoft.Win32.TaskScheduler.TaskFolder.RegisterTaskDefinition(String Path, TaskDefinition definition)</p>\r\n<p>Also i noticed that when i manuall tried to create a taks on that machine with my user credentials i got a error saying&nbsp; An Error has occured while attempting to set</p>\r\n<p>task account information The specific error is 0x8007007a: The data area passed to a system call is too small.</p>\r\n<p>Thanks for your help.</p>\r\n<p>&nbsp;</p>\r\n<p>&nbsp;</p>\r\n",
    "PostedDate": "2012-12-15T00:39:16.777-08:00",
    "UserRole": null,
    "MarkedAsAnswerDate": null
  },
  {
    "Id": "957297",
    "ThreadId": "406815",
    "Html": "\r\n<p>I have just run the exact code posted above on Windows 7, but forcing compatibility with the V1 native library (XP, Win2K) and did not get the error. What OS are you on and what exactly are you adding to the TaskDefinition?</p>\r\n",
    "PostedDate": "2012-12-17T14:46:50.53-08:00",
    "UserRole": null,
    "MarkedAsAnswerDate": null
  }
]