[
  {
    "Id": "1353473",
    "ThreadId": "581210",
    "Html": "Hi,\r<br />\n<br />\nI have started using this managed wrapper but came into this weird problem. When I have tried to Register the Task using the UserAccountDomain and UserName properties from the Task Service which is previously instantiated with a Machine, Domain, UserName and Password, I saw that both properties are holding null value.\r<br />\n<br />\nWhereas, the deprecated properties ConnectedDomain and ConnectedUser are showing the values properly. Any idea?\r<br />\n<br />\nI'm using version 2.3.0.22156 where the run time version in v4.0.30319.\r<br />\n<br />\nThanks,\r<br />\n<br />\nUBK<br />\n",
    "PostedDate": "2015-02-17T09:30:26.957-08:00",
    "UserRole": null,
    "MarkedAsAnswerDate": null
  },
  {
    "Id": "1353509",
    "ThreadId": "581210",
    "Html": "This is by design and relates to serialization. The UserAccountDomain and UserName properties will return null if they match the current user that is executing the library.<br />\n",
    "PostedDate": "2015-02-17T11:13:06.727-08:00",
    "UserRole": null,
    "MarkedAsAnswerDate": null
  },
  {
    "Id": "1353695",
    "ThreadId": "581210",
    "Html": "Hi dahall,\r<br />\n<br />\nThanks for your quick response.\r<br />\n<br />\nSo, I have tried with a different account. i.e. I have connected with my credentials and creating the task using a different credential. In that case, I have seen that the  ConnectedDomain and ConnectedUser are showing the values for the other credential that I am using. UserName property is also showing up and it is same as ConnectedUser but UserDomain is still NULL. What I need to do to have it populated?\r<br />\n<br />\nFor now I am using ConnectedDomain and ConnectedUser properties but I am looking for a better option since those properties are marked as deprecated.\r<br />\n<br />\nThanks,\r<br />\n<br />\nUBK<br />\n",
    "PostedDate": "2015-02-18T04:50:21.62-08:00",
    "UserRole": null,
    "MarkedAsAnswerDate": null
  },
  {
    "Id": "1353741",
    "ThreadId": "581210",
    "Html": "When UserDomain is NULL, does ConnectedDomain match the domain specified by System.Environment.UserDomain? I may have a logic error if you are getting UserName but not UserDomain.<br />\n",
    "PostedDate": "2015-02-18T08:17:27.813-08:00",
    "UserRole": null,
    "MarkedAsAnswerDate": null
  }
]