[
  {
    "Id": "162675",
    "ThreadId": "48711",
    "Html": "This is my code for creating a task:<br>\r\n<br>\r\n&nbsp;&nbsp; &nbsp;&nbsp;&nbsp;&nbsp; private TaskDefinition CreateTask()<br>\r\n&nbsp;&nbsp; &nbsp;&nbsp;&nbsp; &nbsp;{<br>\r\n&nbsp;&nbsp; &nbsp;&nbsp;&nbsp; &nbsp;&nbsp;&nbsp; &nbsp;TaskDefinition td = ts.NewTask();<br>\r\n&nbsp;&nbsp; &nbsp;&nbsp;&nbsp; &nbsp;&nbsp;&nbsp; &nbsp;td.Data = &quot;&quot;;<br>\r\n&nbsp;&nbsp; &nbsp;&nbsp;&nbsp; &nbsp;&nbsp;&nbsp; &nbsp;td.Principal.UserId = &quot;Panodil\\\\Bjarni&quot;;<br>\r\n&nbsp;&nbsp; &nbsp;&nbsp;&nbsp; &nbsp;&nbsp;&nbsp; &nbsp;td.Principal.LogonType = TaskLogonType.Password;<br>\r\n&nbsp;&nbsp; &nbsp;&nbsp;&nbsp; &nbsp;&nbsp;&nbsp; &nbsp;td.RegistrationInfo.Author = &quot;Bjarni&quot;;<br>\r\n&nbsp;&nbsp; &nbsp;&nbsp;&nbsp; &nbsp;&nbsp;&nbsp; &nbsp;td.RegistrationInfo.Description = &quot;&quot;;<br>\r\n&nbsp;&nbsp; &nbsp;&nbsp;&nbsp; &nbsp;&nbsp;&nbsp; &nbsp;td.RegistrationInfo.Documentation = &quot;&quot;;<br>\r\n&nbsp;&nbsp; &nbsp;&nbsp;&nbsp; &nbsp;&nbsp;&nbsp; &nbsp;td.Settings.DisallowStartIfOnBatteries = false;<br>\r\n&nbsp;&nbsp; &nbsp;&nbsp;&nbsp; &nbsp;&nbsp;&nbsp; &nbsp;td.Settings.Enabled = true;<br>\r\n&nbsp;&nbsp; &nbsp;&nbsp;&nbsp; &nbsp;&nbsp;&nbsp; &nbsp;td.Settings.ExecutionTimeLimit = TimeSpan.FromHours(2);<br>\r\n&nbsp;&nbsp; &nbsp;&nbsp;&nbsp; &nbsp;&nbsp;&nbsp; &nbsp;td.Settings.Hidden = false;<br>\r\n&nbsp;&nbsp; &nbsp;&nbsp;&nbsp; &nbsp;&nbsp;&nbsp; &nbsp;td.Settings.WakeToRun = true;<br>\r\n&nbsp;&nbsp; &nbsp;&nbsp;&nbsp; &nbsp;&nbsp;&nbsp; &nbsp;td.Settings.RunOnlyIfLoggedOn = true;<br>\r\n&nbsp;&nbsp; &nbsp;&nbsp;&nbsp; &nbsp;&nbsp;&nbsp; &nbsp;td.Actions.Add(new ExecAction(@&quot;D:\\Dev\\iWakeUp\\iWakeUpRunner.exe&quot;, @&quot;&quot;, @&quot;D:\\Dev\\iWakeUp&quot;));<br>\r\n&nbsp;&nbsp; &nbsp;&nbsp;&nbsp; &nbsp;&nbsp;&nbsp; &nbsp;return td;<br>\r\n&nbsp;&nbsp; &nbsp;&nbsp;&nbsp; &nbsp;}<br>\r\n<br>\r\nAnd then I call this function to save it<br>\r\n<br>\r\n&nbsp;&nbsp; &nbsp;&nbsp;&nbsp;&nbsp; private void SaveTask(TaskDefinition td)<br>\r\n&nbsp;&nbsp; &nbsp;&nbsp;&nbsp; &nbsp;{<br>\r\n&nbsp;&nbsp; &nbsp;&nbsp;&nbsp; &nbsp;&nbsp;&nbsp; &nbsp;Task t = taskFolder.RegisterTaskDefinition(&quot;!Alarm&quot;, td, TaskCreation.CreateOrUpdate, &quot;Bjarni&quot;, &quot;qwdqwd&quot;, TaskLogonType.Password, null);<br>\r\n&nbsp;&nbsp; &nbsp;&nbsp;&nbsp; &nbsp;}<br>\r\n<br>\r\nHowever, no matter if I set Settings.RunOnlyIfLoggedOn to true or false, the task is always saved like this:<br>\r\n<br>\r\nhttp://www.steik.org/dump/task.jpg <br>\r\n<br>\r\nThis has the side effect that everything I run does not appear on my screen. And I also do not have access to certain functionality that I need.<br>\r\n<br>\r\nIs there any way to actually modify this setting? (the one in the red box in the picture above)<br>\r\nSeems to me that RunOnlyIfLoggedOn is the obvious answer, but so far no luck with that.<br>\r\n<br>\r\n-Bj\r\n",
    "PostedDate": "2009-02-27T02:40:06.68-08:00",
    "UserRole": null,
    "MarkedAsAnswerDate": null
  },
  {
    "Id": "162833",
    "ThreadId": "48711",
    "Html": "Found the solution, I have to use an InteractiveToken. <br>\r\nMight want to add an assert on the set property for &nbsp;td.Settings.RunOnlyIfLoggedOn if the task is in v2 mode (because the description says it's v1 only)<br>\r\nBut great job anyway! Love the library! Although at start I spent a lot of trime trying to modify existing tasks, but found out that just overwriting them was easier ^^<br>\r\n",
    "PostedDate": "2009-02-27T10:29:46.16-08:00",
    "UserRole": null,
    "MarkedAsAnswerDate": null
  },
  {
    "Id": "185658",
    "ThreadId": "48711",
    "Html": "Thanks. I have added an exception to that property as you suggested in release 1.3.\r\n",
    "PostedDate": "2009-04-30T11:15:26.747-07:00",
    "UserRole": null,
    "MarkedAsAnswerDate": null
  }
]