[
  {
    "Id": "869378",
    "ThreadId": "370445",
    "Html": "\r\n<p>Hi,</p>\r\n<p>I want to create a report which will contain task start time and task end time of all the tasks. Can&nbsp;any body help in this regard.</p>\r\n<p>Thanks</p>\r\n<p>Bishwajit Sahoo</p>\r\n<p>&nbsp;</p>\r\n<p>&nbsp;</p>\r\n",
    "PostedDate": "2012-07-16T04:11:37.59-07:00",
    "UserRole": null,
    "MarkedAsAnswerDate": null
  },
  {
    "Id": "869847",
    "ThreadId": "370445",
    "Html": "<p>You likely will need to review each task's event history for that information. Look at using the TaskEventLog class in the TaskSchdulerEditor assembly.</p>",
    "PostedDate": "2012-07-16T09:41:04.743-07:00",
    "UserRole": null,
    "MarkedAsAnswerDate": null
  }
]