[
  {
    "Id": "1457543",
    "ThreadId": "649449",
    "Html": "Just to make it more visible, I'm reporting on this issue under a new thread.\r<br />\n<br />\nOnly when a task is created via the Task Editor, the library reports a <strong>blank td.RegistrationInfo.Author</strong> even though the editor shows author information.<br />\nThis doesn't happen with tasks created by the Windows Task Scheduler, or when the task is created in code without using the full editor dialog. <br />\n",
    "PostedDate": "2015-12-30T08:56:35.39-08:00",
    "UserRole": null,
    "MarkedAsAnswerDate": null
  },
  {
    "Id": "1457561",
    "ThreadId": "649449",
    "Html": "Resolved in upcoming 2.5.11 release.<br />\n",
    "PostedDate": "2015-12-30T11:05:36.633-08:00",
    "UserRole": null,
    "MarkedAsAnswerDate": null
  }
]