[
  {
    "Id": "668374",
    "ThreadId": "271693",
    "Html": "\r\n<p>I am using C# 4.0 to implement something related Task Scheduler. My colleague asks me whether it can support .NET Framework 3.5 or 3.0. Which .NET Framework Task Scheduler Managed Wrapper support?</p>\r\n",
    "PostedDate": "2011-09-06T19:39:44.75-07:00",
    "UserRole": null,
    "MarkedAsAnswerDate": null
  },
  {
    "Id": "668399",
    "ThreadId": "271693",
    "Html": "<p>The base library is 2.0 compatible and higher. The UI library is 3.5 compatible and higher. This information will always be on the downloads page where you can get up-to-date information about the current assemblies.</p>",
    "PostedDate": "2011-09-06T21:16:19.253-07:00",
    "UserRole": null,
    "MarkedAsAnswerDate": null
  }
]