[
  {
    "Id": "147729",
    "ThreadId": "44391",
    "Html": "Is there any way available here?\r\n",
    "PostedDate": "2009-01-16T08:22:26.457-08:00",
    "UserRole": null,
    "MarkedAsAnswerDate": null
  },
  {
    "Id": "150429",
    "ThreadId": "44391",
    "Html": "TaskService ts = new TaskService();<br>\r\nts.RootFolder.DeleteTask(&quot;Test&quot;); // Replace &quot;Test&quot; with the full path of your task\r\n",
    "PostedDate": "2009-01-23T17:15:32.243-08:00",
    "UserRole": null,
    "MarkedAsAnswerDate": null
  }
]