[
  {
    "Id": "679797",
    "ThreadId": "274716",
    "Html": "<p>Hi, in the binary download of the TaskScheduler assembly, the assembly is not signed.&nbsp; Probably it is a good idea distribute it as a strong named assembly.</p>\n<p>Also, the source code contains a (the ?) signing key file.</p>\n<p>So, for now I made a compilation of my own and signed it with this key, but I believe you better make available a signed binary.</p>\n<p>&nbsp;</p>\n<p>Joris Spriet</p>",
    "PostedDate": "2011-10-04T07:07:51.34-07:00",
    "UserRole": null,
    "MarkedAsAnswerDate": null
  },
  {
    "Id": "679943",
    "ThreadId": "274716",
    "Html": "<p>Thank you for your suggestion. The reason the key is there is specifically so it can be compiled and signed by those that need it. When I released it a couple of years ago signed, I had some big backlash from the community.</p>",
    "PostedDate": "2011-10-04T11:53:11.67-07:00",
    "UserRole": null,
    "MarkedAsAnswerDate": null
  },
  {
    "Id": "679945",
    "ThreadId": "274716",
    "Html": "<p>If you can elaborate I would like to know what requirements you have for strongly named assemblies so I can make a more informed decision. Also, what problems have you run into with strongly named assemblies in the past and how have you worked around them?</p>",
    "PostedDate": "2011-10-04T11:57:31.033-07:00",
    "UserRole": null,
    "MarkedAsAnswerDate": null
  },
  {
    "Id": "680065",
    "ThreadId": "274716",
    "Html": "<p>At my company, we sign all our assemblies.&nbsp; It serves as a sign to our customers the assembly can be trusted - and it was produced on our build server.</p>\r\n<p>As a consequence, we only can use third-party assemblies that are signed as well.&nbsp; If a third-party component is not available signed,</p>\r\n<p>we basically don't use it.&nbsp; For TaskScheduler, as the source contained a snk, I compiled and signed it myself.</p>\r\n<p>The library was just what I needed, and, okay, so I cheated here, but that is why I posted this remark...</p>\r\n<p>&nbsp;</p>\r\n<p>Joris.</p>\r\n<p>&nbsp;</p>\r\n<p>&nbsp;</p>",
    "PostedDate": "2011-10-04T16:48:52.277-07:00",
    "UserRole": null,
    "MarkedAsAnswerDate": null
  }
]