[
  {
    "Id": "1009413",
    "ThreadId": "435162",
    "Html": "Is there a way to register task to call a URL everyday for example? if there isn't , what is the alternatives ?<br />\n",
    "PostedDate": "2013-03-03T00:05:52.58-08:00",
    "UserRole": null,
    "MarkedAsAnswerDate": null
  },
  {
    "Id": "1010086",
    "ThreadId": "435162",
    "Html": "You can use the ExecAction to call &quot;iexplore.exe&quot; or &quot;chrome.exe&quot; and then pass the URL as a parameter.<br />\n",
    "PostedDate": "2013-03-04T09:59:03.55-08:00",
    "UserRole": null,
    "MarkedAsAnswerDate": null
  },
  {
    "Id": "1013752",
    "ThreadId": "435162",
    "Html": "Could you please provide an example.. \r<br />\n<br />\nThanks<br />\n",
    "PostedDate": "2013-03-12T02:09:42.527-07:00",
    "UserRole": null,
    "MarkedAsAnswerDate": null
  },
  {
    "Id": "1014036",
    "ThreadId": "435162",
    "Html": "<pre><code>td.Actions.Add(new ExecAction(@&quot;C:\\Program Files\\Internet Explorer\\iexplore.exe&quot;, &quot;http://do.something.now&quot;));</code></pre>\n\n",
    "PostedDate": "2013-03-12T09:29:44.437-07:00",
    "UserRole": null,
    "MarkedAsAnswerDate": null
  }
]