[
  {
    "Id": "1040715",
    "ThreadId": "442908",
    "Html": "How do I make the task not have a ExecutionTimeLimit ... it seems that it is required???\r<br />\n<br />\nThanks,\r<br />\nKris<br />\n",
    "PostedDate": "2013-05-07T23:40:05.41-07:00",
    "UserRole": null,
    "MarkedAsAnswerDate": null
  },
  {
    "Id": "1040893",
    "ThreadId": "442908",
    "Html": "The default value for that property is 72 hours. To set it for indefinite execution time, set the value to TimeSpan.Zero.<br />\n",
    "PostedDate": "2013-05-08T07:29:07.373-07:00",
    "UserRole": null,
    "MarkedAsAnswerDate": null
  }
]