[
  {
    "Id": "1443034",
    "ThreadId": "644551",
    "Html": "Hi all, is this UI version working at all? I ask before I start getting into the source code and trying to find what may be happening. I just don't get any of the controls filled with the data (I tried the exact same code with TaskEditorDialog instead and it seems to work). Below is the code I'm using.<br />\n<pre><code>        Using TS As New TaskService()\n            Dim aTaskEditDialog As TaskOptionsEditor\n            Dim aTaskDef As TaskDefinition = TS.NewTask\n            aTaskDef.XmlText = tbTaskDef.Text 'this can be blank, but usually have the XML from a TaskDefinition.XML\n            Dim aTaskOptionsEditor As TaskOptionsEditor = New TaskOptionsEditor(TS, aTaskDef, True, False)\n            aTaskEditDialog = New TaskOptionsEditor(TS, aTaskDef, True, False)\n            aTaskEditDialog.TaskFolder = &quot;\\&quot; + TScourmanService.TASK_SCHEDULER_FOLDER\n            aTaskEditDialog.TaskName = PlugInDef.Name 'PlugInDef.Name is a string\n            'aTaskEditDialog.ReinitializeControls() 'not doing aything\n            If aTaskEditDialog.ShowDialog() = Windows.Forms.DialogResult.OK Then\n                'aTaskEditDialog always appears empty, not even the task name shows \n                tbTaskDef.Text = FormatXML(aTaskEditDialog.TaskDefinition.XmlText)\n            End If\n            'remove the task we just added - we don't want this task registered in the client machine\n            TS.GetFolder(&quot;\\&quot; + TScourmanService.TASK_SCHEDULER_FOLDER).DeleteTask(PlugInDef.Name, False)\n        End Using\n\n</code></pre>\n\n",
    "PostedDate": "2015-09-03T10:40:07.097-07:00",
    "UserRole": null,
    "MarkedAsAnswerDate": null
  },
  {
    "Id": "1443073",
    "ThreadId": "644551",
    "Html": "I will try this code and let you know how to fix or I will fix the code. You actually may be the first one to use this new concept editor. Thanks for the alert.<br />\n",
    "PostedDate": "2015-09-03T13:53:27.56-07:00",
    "UserRole": null,
    "MarkedAsAnswerDate": null
  },
  {
    "Id": "1443085",
    "ThreadId": "644551",
    "Html": "Thanks, Dahall, I can(and I'm willing to)  help too, except the projects are in VS 2015, and cannot read them completely (using 2013 gets stuck with ITaskHandler COM Server Project Template). I also have found some problems with TaskEditorDialog (for example, it does not seem to modify the task definition to reflect that you selected the option to delete the task immediately if the task is not scheduled to be run again!). I'm writing an application that does a fair amount of work with the task scheduler using your library, so I might be able to do some basic debugging to the UI components, if you can provide a version that I can compile using VS 2013.<br />\n",
    "PostedDate": "2015-09-03T15:03:49.997-07:00",
    "UserRole": null,
    "MarkedAsAnswerDate": null
  },
  {
    "Id": "1443107",
    "ThreadId": "644551",
    "Html": "This discussion has been copied to a work item. Click <a href=\"https://taskscheduler.codeplex.com/workitem/12198\" rel=\"nofollow\">here</a> to go to the work item and continue the discussion.<br />\n",
    "PostedDate": "2015-09-03T19:15:35.75-07:00",
    "UserRole": null,
    "MarkedAsAnswerDate": null
  }
]