[
  {
    "Id": "1472954",
    "ThreadId": "654490",
    "Html": "When I try to create a MonthlyDOWTrigger, I find that I can just leave the &quot;weeks&quot; control empty, when I click OK and everything looks good, and but if I try to save the task, it is an exception show: &quot;(79,8):Weeks:&quot;<br />\n<br />\n<br />\nMaybe just forget to check the value of &quot;weeks&quot; when click OK.<br />\n",
    "PostedDate": "2016-05-10T01:43:06.413-07:00",
    "UserRole": null,
    "MarkedAsAnswerDate": null
  },
  {
    "Id": "1473091",
    "ThreadId": "654490",
    "Html": "Maybe because forget to assign true to monthlyOnWeekDropDown.RequireAtLeastOneCheckedItem in Microsoft.Win32.TaskScheduler.UIComponents.MonthlyTriggerUI.<br />\n<br />\nHope it will be helpful<br />\n",
    "PostedDate": "2016-05-10T18:32:06.347-07:00",
    "UserRole": null,
    "MarkedAsAnswerDate": null
  },
  {
    "Id": "1473411",
    "ThreadId": "654490",
    "Html": "That was it. Fixed in 2.5.20<br />\n",
    "PostedDate": "2016-05-13T16:23:37.75-07:00",
    "UserRole": null,
    "MarkedAsAnswerDate": "2016-05-13T16:37:50.737-07:00"
  }
]