[
  {
    "Id": "1013991",
    "ThreadId": "436331",
    "Html": "How to implement trigger to run for example every hour in a day on minute 30 , so it will be 12:30 , 1:30 , 2:30 .... etc ?<br />\n",
    "PostedDate": "2013-03-12T08:41:43.353-07:00",
    "UserRole": null,
    "MarkedAsAnswerDate": null
  },
  {
    "Id": "1014040",
    "ThreadId": "436331",
    "Html": "<pre><code>DailyTrigger dt = new DailyTrigger();\ndt.StartBoundary = DateTime.Today.AddMinutes(30);\ndt.Repetition.Duration = TimeSpan.FromHours(23);\ndt.Repetition.Interval = TimeSpan.FromHours(1);\nnew TaskService().AddTask(taskName, dt, new ExecAction(&quot;notepad.exe&quot;, &quot;c:\\\\test.log&quot;, null));</code></pre>\n\n",
    "PostedDate": "2013-03-12T09:35:41.93-07:00",
    "UserRole": null,
    "MarkedAsAnswerDate": null
  }
]