[
  {
    "Id": "1360403",
    "ThreadId": "584753",
    "Html": "Hi, I originally posted this in the issues but now that I look at it I think it belongs in the discussion unless it becomes something we need a bug for.  Unfortunately it doesn't look like I can remove my issue...  Anyway...\r<br />\n<br />\nI'm trying to write a NAnt extension that uses this library but I get this exception on my first method that loads the taskscheduler objects.\r<br />\n<br />\nSystem.TypeLoadException: Inheritance security rules violated while overriding member: 'Microsoft.Win32.TaskScheduler.TaskService.System.Runtime.Serialization.ISerializab\r<br />\nle.GetObjectData(System.Runtime.Serialization.SerializationInfo, System.Runtime.Serialization.StreamingContext)'. Security accessibility of the overriding method must mat\r<br />\nch the security accessibility of the method being overriden.\r<br />\n<br />\nI'm assuming this is related to NAnt dynamically loading the extension dll but I'm not sure how to get around it.  Previously we were using the taskscheduler 1.0 library via NAnt without any issues.<br />\n<pre><code>        public void test()\n        {\n            using (Microsoft.Win32.TaskScheduler.TaskService ts = new Microsoft.Win32.TaskScheduler.TaskService())\n            {\n                // Create a new task definition and assign properties\n                Microsoft.Win32.TaskScheduler.TaskDefinition td = ts.NewTask();\n                td.RegistrationInfo.Description = &quot;Does something&quot;;\n\n                // Create a trigger that will fire the task at this time every other day\n                td.Triggers.Add(new Microsoft.Win32.TaskScheduler.DailyTrigger { DaysInterval = 2 });\n\n                // Create an action that will launch Notepad whenever the trigger fires\n                td.Actions.Add(new Microsoft.Win32.TaskScheduler.ExecAction(&quot;notepad.exe&quot;, &quot;c:\\\\test.log&quot;, null));\n\n                // Register the task in the root folder\n                ts.RootFolder.RegisterTaskDefinition(@&quot;Test&quot;, td);\n\n            }\n        }</code></pre>\n\n",
    "PostedDate": "2015-03-06T06:06:08.417-08:00",
    "UserRole": null,
    "MarkedAsAnswerDate": null
  },
  {
    "Id": "1360514",
    "ThreadId": "584753",
    "Html": "I believe this is related to a change in the security model for .NET 4.0. I have added the SecurityCritical attribute to the method in your exception and have posted a .NET 4.0 build under the issue you posted. Please check it and confirm it resolves your issue and then I'll get it added into the next release (2.3.1).<br />\n",
    "PostedDate": "2015-03-06T12:33:23.72-08:00",
    "UserRole": null,
    "MarkedAsAnswerDate": "2015-09-01T10:02:26.967-07:00"
  }
]