[
  {
    "Id": "1462679",
    "ThreadId": "651124",
    "Html": "I am trying to fetch a list of all logs and display them in dropdown for creating an Event Trigger. Just like Windows Task Scheduler does.\r<br />\n<br />\nWhile I check with WTS, it shows me a certain list of Event Logs, which does not include &quot;Debug &amp; Analytic Logs&quot;\r<br />\n<br />\nHowever, when I try to get the list of logs using EventLogSession class, I get the complete list which include those &quot;Debug &amp; Event Logs&quot; as well.\r<br />\n<br />\nAs a result, when the wrapper tries to create the task with such a trigger, it fails.\r<br />\n<br />\nWhile its not directly something wrong with the Wrapper, I still feel I am missing some link here.\r<br />\n<br />\nDo we have something in the wrapper that can be used to get the list of the Event Logs registered on the system.\r<br />\n<br />\n<br />\nAny help is greatly appreciated.\r<br />\n<br />\nThanks In Advance\r<br />\nAshutosh<br />\n",
    "PostedDate": "2016-02-10T05:10:34.32-08:00",
    "UserRole": null,
    "MarkedAsAnswerDate": null
  },
  {
    "Id": "1462730",
    "ThreadId": "651124",
    "Html": "Please look at the source code for the <a href=\"https://taskscheduler.codeplex.com/SourceControl/latest#TaskService/TaskEditor/UIComponents/EventTriggerUI.cs\" rel=\"nofollow\">EventTriggerUI.cs</a> and the <a href=\"https://taskscheduler.codeplex.com/SourceControl/latest#TaskService/TaskEditor/SystemEventEnumerator.cs\" rel=\"nofollow\">SystemEventEnumerator.cs</a> and you will see how I've done it for my user interfaces.<br />\n",
    "PostedDate": "2016-02-10T11:00:59.277-08:00",
    "UserRole": null,
    "MarkedAsAnswerDate": "2016-02-10T11:01:02.777-08:00"
  },
  {
    "Id": "1462778",
    "ThreadId": "651124",
    "Html": "I have taken the cue out of SystemEventEnumerator class only and am actually using the same &quot;GetEventLogs&quot; method to get the String[] of Log Names.\r<br />\n<br />\nThe problem is that it returns extra log names that are not present in the Task Scheduler (On Event Trigger) Dropdown.<br />\n",
    "PostedDate": "2016-02-10T19:22:36.653-08:00",
    "UserRole": null,
    "MarkedAsAnswerDate": null
  },
  {
    "Id": "1462866",
    "ThreadId": "651124",
    "Html": "Ah, yes. I ran across this problem too when developing my &quot;copies&quot; of the native code. I never did get to an answer as to why. Have to found anything that distinguishes those items shown by the native tool and not shown by GetEventLogs?<br />\n",
    "PostedDate": "2016-02-11T08:38:24.953-08:00",
    "UserRole": null,
    "MarkedAsAnswerDate": null
  }
]