[
  {
    "Id": "949205",
    "ThreadId": "405063",
    "Html": "\r\n<p>Hi - I was wondering how I can set the Task to &quot;Run whether user is logged on or not&quot; problematically.&nbsp; Any help pointing me in the right direction is much appreciated.&nbsp; Thanks!</p>\r\n",
    "PostedDate": "2012-11-29T12:27:07.847-08:00",
    "UserRole": null,
    "MarkedAsAnswerDate": null
  },
  {
    "Id": "949218",
    "ThreadId": "405063",
    "Html": "\r\n<p>Please see the post <a href=\"http://taskscheduler.codeplex.com/discussions/396537\">\r\nhttp://taskscheduler.codeplex.com/discussions/396537</a>&nbsp;where the exact same question was asked.</p>\r\n",
    "PostedDate": "2012-11-29T12:57:10.28-08:00",
    "UserRole": null,
    "MarkedAsAnswerDate": null
  }
]