[
  {
    "Id": "1457128",
    "ThreadId": "649294",
    "Html": "When setting task description text, vbCrLf is ignored. \r<br />\nHow can we specify that a new line should start?<br />\n",
    "PostedDate": "2015-12-24T08:28:03.393-08:00",
    "UserRole": null,
    "MarkedAsAnswerDate": null
  },
  {
    "Id": "1457146",
    "ThreadId": "649294",
    "Html": "I'm not sure what vbCrLf translates to in a string. However, I do know that in C# one can add new lines by putting in the &quot;\\r\\n&quot; combination. For example, the following code works:<br />\n<pre><code>td.RegistrationInfo.Description = &quot;1) Line 1\\r\\n2) Line 2&quot;;</code></pre>\n\n",
    "PostedDate": "2015-12-24T14:35:23.827-08:00",
    "UserRole": null,
    "MarkedAsAnswerDate": null
  },
  {
    "Id": "1457147",
    "ThreadId": "649294",
    "Html": "in vb.Net <strong>vbCrLf</strong> is the equivalent to  <strong>\\r\\n</strong>  (Carriage Return + LineFeed).<br />\nDid you test the effect of using \\r\\n ?<br />\n",
    "PostedDate": "2015-12-24T15:01:11.713-08:00",
    "UserRole": null,
    "MarkedAsAnswerDate": null
  },
  {
    "Id": "1457171",
    "ThreadId": "649294",
    "Html": "Tried environment.newline instead of vbCrLf.  But it still doesn't result in a new line inside the description.<br />\n",
    "PostedDate": "2015-12-25T05:23:29.093-08:00",
    "UserRole": null,
    "MarkedAsAnswerDate": null
  },
  {
    "Id": "1457224",
    "ThreadId": "649294",
    "Html": "Thanks for pointing out how this works as it has helped me find a bug. For some reason, the native Microsoft 2.0 library will strip out the CR value from the string after registering a RegistrationInfo.Description or a RegistrationInfo.Documentation value with a CRLF value in it. The native windows multi-line textbox, expects a CRLF to display multiple lines. I have added code to correct for the native error for those two items and it will appear in the next release.<br />\n",
    "PostedDate": "2015-12-26T13:05:43.77-08:00",
    "UserRole": null,
    "MarkedAsAnswerDate": "2015-12-30T08:02:34.48-08:00"
  }
]