[
  {
    "Id": "1463379",
    "ThreadId": "651366",
    "Html": "Hi!<br />\n<br />\nI found that in some cases windows task cannot be converted to low version. (win7-&gt;win 2003)<br />\nIt would be good if such conversions are not available in task edit dialog.<br />\n<ol>\n<li>If task is created inside sub folder. (\\Windows for example)</li>\n<li>if task has any unsupported action (send message for example)</li>\n<li>\nif task has any trigger with unsupported properties (Delay task for up to (random delay))<br />\n</li>\n</ol>\n<img src=\"http://i66.tinypic.com/impl6f.png\" alt=\"Image\" /><br />\n",
    "PostedDate": "2016-02-16T06:30:22.017-08:00",
    "UserRole": null,
    "MarkedAsAnswerDate": null
  },
  {
    "Id": "1463420",
    "ThreadId": "651366",
    "Html": "Great suggestions. This will be included in the 2.5.15 release.<br />\n",
    "PostedDate": "2016-02-16T12:01:34.333-08:00",
    "UserRole": null,
    "MarkedAsAnswerDate": null
  },
  {
    "Id": "1463513",
    "ThreadId": "651366",
    "Html": "Thanks a lot!\r<br />\nAlso I found the similar situation during converting from win10 to win7. \r<br />\nIf task contains custom trigger it cannot be converted to low version win7 and throw unhandled exception if you try to change configuration from win 10 to win 7.\r<br />\nExisting task to test &quot;Device Install Reboot Required&quot;\r<br />\n<img src=\"http://i64.tinypic.com/mkvu6p.png\" alt=\"Image\" />\r<br />\n<br />\nException:<br />\n<pre><code>xception: System.ArgumentException\nMessage: Value does not fall within the expected range.\nStack Trace:\n   at Microsoft.Win32.TaskScheduler.V2Interop.ITaskDefinition.get_XmlText()\n   at Microsoft.Win32.TaskScheduler.Trigger.CreateTrigger(ITrigger iTrigger, ITaskDefinition iDef) in C:\\spb.Common Components\\TaskScheduler\\TaskService\\Trigger.cs:line 625\n   at Microsoft.Win32.TaskScheduler.TriggerCollection.&lt;GetEnumerator&gt;b__38_0(Object o) in C:\\spb.Common Components\\TaskScheduler\\TaskService\\TriggerCollection.cs:line 298\n   at System.Runtime.InteropServices.ComEnumerator`2.get_Current() in C:\\spb.Common Components\\TaskScheduler\\TaskService\\Native\\InteropUtil.cs:line 120\n   at Microsoft.Win32.TaskScheduler.TriggerCollection.Find(Predicate`1 match) in C:\\spb.Common Components\\TaskScheduler\\TaskService\\TriggerCollection.cs:line 258\n   at Microsoft.Win32.TaskScheduler.TriggerCollection.ContainsType(Type triggerType) in C:\\spb.Common Components\\TaskScheduler\\TaskService\\TriggerCollection.cs:line 201\n   at Microsoft.Win32.TaskScheduler.TaskDefinition.GetLowestSupportedVersion(IList`1 outputList) in C:\\spb.Common Components\\TaskScheduler\\TaskService\\Task.cs:line 2084\n   at Microsoft.Win32.TaskScheduler.TaskDefinition.Validate(Boolean throwException) in C:\\spb.Common Components\\TaskScheduler\\TaskService\\Task.cs:line 1968\n   at Microsoft.Win32.TaskScheduler.TaskPropertiesControl.taskVersionCombo_SelectedIndexChanged(Object sender, EventArgs e) in C:\\spb.Common Components\\TaskScheduler\\TaskService\\TaskEditor\\TaskPropertiesControl.cs:line 1071\n   at System.Windows.Forms.ComboBox.OnSelectedIndexChanged(EventArgs e)\n   at System.Windows.Forms.ComboBox.WmReflectCommand(Message&amp; m)\n   at System.Windows.Forms.ComboBox.WndProc(Message&amp; m)\n   at System.Windows.Forms.DisabledItemComboBox.WndProc(Message&amp; m) in C:\\spb.Common Components\\TaskScheduler\\TaskService\\TaskEditor\\Native\\DisabledItemComboBox.cs:line 492\n   at System.Windows.Forms.Control.ControlNativeWindow.OnMessage(Message&amp; m)\n   at System.Windows.Forms.Control.ControlNativeWindow.WndProc(Message&amp; m)\n   at System.Windows.Forms.NativeWindow.Callback(IntPtr hWnd, Int32 msg, IntPtr wparam, IntPtr lparam)</code></pre>\n\n",
    "PostedDate": "2016-02-17T07:50:28.497-08:00",
    "UserRole": null,
    "MarkedAsAnswerDate": null
  },
  {
    "Id": "1463533",
    "ThreadId": "651366",
    "Html": "Thank you again. I have added improved error handling in 2.5.15 to prevent this problem.<br />\n",
    "PostedDate": "2016-02-17T10:25:05.1-08:00",
    "UserRole": null,
    "MarkedAsAnswerDate": null
  }
]