[
  {
    "Id": "668611",
    "ThreadId": "271766",
    "Html": "<p>Hi,</p>\n<p>I got the following exception when I tried to run the&nbsp;FindTask function:</p>\n<p>System.ArgumentException: Value does not fall within the expected range.&nbsp; &nbsp;</p>\n<p>at Microsoft.Win32.TaskScheduler.TaskFolderCollection.CopyTo(TaskFolder[] array, Int32 arrayIndex) &nbsp;&nbsp;at Microsoft.Win32.TaskScheduler.TaskFolderCollection.GetEnumerator()&nbsp; &nbsp;at Microsoft.Win32.TaskScheduler.TaskService.FindTaskInFolder(TaskFolder fld, Regex  taskName, Boolean recurse)&nbsp; &nbsp;at Microsoft.Win32.TaskScheduler.TaskService.FindTask(String name, Boolean searchAllFolders)</p>\n<p>&nbsp;</p>\n<p>This is the code I used to run that function:</p>\n<pre>&nbsp;&nbsp;&nbsp;&nbsp;&nbsp;&nbsp;&nbsp;&nbsp;&nbsp;&nbsp;&nbsp;&nbsp;&nbsp;&nbsp;&nbsp;&nbsp;<span>TaskService</span>&nbsp;taskService&nbsp;=&nbsp;<span>new</span>&nbsp;<span>TaskService</span>();\n&nbsp;&nbsp;&nbsp;&nbsp;&nbsp;&nbsp;&nbsp;&nbsp;&nbsp;&nbsp;&nbsp;&nbsp;&nbsp;&nbsp;&nbsp;&nbsp;<span>var</span>&nbsp;existingTask&nbsp;=&nbsp;taskService.FindTask(\"TestTask\");</pre>\n<p>&nbsp;</p>\n<p>&nbsp;</p>\n<p>I'm using the 1.6.0 version of TaskScheduler.</p>\n<p>The TaskScheduler worked perfectly until today, on all sort of operation systems. This is the first time we got this exception and its consistent.</p>\n<p>the operation system is:&nbsp;<span style=\"font-size: 10pt;\">Windows Server 2003 R2 Standard Ed. SP2</span></p>\n<p>&nbsp;</p>\n<p><span style=\"font-size: 10pt;\">Please let me know if you have any ideas.</span></p>\n<p><span style=\"font-size: 10pt;\">Thanks in advanced,</span></p>\n<p><span style=\"font-size: 10pt;\">Lidan.</span></p>",
    "PostedDate": "2011-09-07T07:08:50.663-07:00",
    "UserRole": null,
    "MarkedAsAnswerDate": null
  },
  {
    "Id": "668750",
    "ThreadId": "271766",
    "Html": "<p>There was a bug fix submitted Apr 13, 2011 and released in version 1.6.1 for this specific problem of enumerating subfolders on systems earlier than Vista/Server 2008.</p>",
    "PostedDate": "2011-09-07T12:08:11.503-07:00",
    "UserRole": null,
    "MarkedAsAnswerDate": null
  },
  {
    "Id": "669225",
    "ThreadId": "271766",
    "Html": "<p>Hi Dahall, thank you for the quick answer.</p>\r\n<p>I'm very happy to hear that this issue is solved!</p>\r\n<p>I sent the&nbsp;latest DLL to the client that got the exception. I'll report when I'll receive their confirmation.</p>\r\n<p>Thanks for your help! This project is awesome :-)&nbsp;</p>",
    "PostedDate": "2011-09-08T10:39:55.497-07:00",
    "UserRole": null,
    "MarkedAsAnswerDate": null
  },
  {
    "Id": "669666",
    "ThreadId": "271766",
    "Html": "<p>Hi Dahall,</p>\n<p>I just got a&nbsp;confirmation from the client that got the exception that the latest version helped him! as you said :)</p>\n<p>Thank you again,</p>\n<p>Lidan.</p>",
    "PostedDate": "2011-09-09T06:46:20.623-07:00",
    "UserRole": null,
    "MarkedAsAnswerDate": null
  }
]