[
  {
    "Id": "950966",
    "ThreadId": "405486",
    "Html": "\r\n<p>Hello everyone,</p>\r\n<p>I am getting UnauthorizedAccessException in following scenario in my application:</p>\r\n<ol>\r\n<li>Login with a user account which is a part of Administrator group </li><li>Launch application by right clicking and selecting Run as administrator option\r\n</li><li>Create a task in this application instance </li><li>Close application </li><li>Launch application normally (by double clicking application exe) </li><li>Try to edit a task which is created in step 3 (this will result in UnauthorizedAccessException)\r\n</li></ol>\r\n<p>Observations: I tried same scenario with Window's Task Scheduler application and it works fine, there is no issue.</p>\r\n<p>Will you please help me to understand what exactly the problem is? and what could be the solution?</p>\r\n<p>Thanks.</p>\r\n",
    "PostedDate": "2012-12-04T00:00:37.717-08:00",
    "UserRole": null,
    "MarkedAsAnswerDate": null
  },
  {
    "Id": "955253",
    "ThreadId": "405486",
    "Html": "\r\n<p>In your scenario, the task is being created under different privileges. I believe the Window's Task Scheduler application always runs as Administrator. To ensure that your application behaves the same, you will need to decorate it with the appropriate attributes\r\n that force the UAC to grant Administrator rights or you will have to use the TaskService constructor to provide account information for an Administor account.</p>\r\n",
    "PostedDate": "2012-12-12T11:51:08.517-08:00",
    "UserRole": null,
    "MarkedAsAnswerDate": null
  }
]