[
  {
    "Id": "1246408",
    "ThreadId": "545647",
    "Html": "sir i am going to assign loig id and password i have got this erros\r<br />\nAccess is denied. (Exception from HRESULT: 0x80070005 (E_ACCESSDENIED))\r<br />\nplease help me how to short out it and how can assign login id and password for task<br />\n",
    "PostedDate": "2014-05-16T23:49:29.493-07:00",
    "UserRole": null,
    "MarkedAsAnswerDate": null
  },
  {
    "Id": "1246489",
    "ThreadId": "545647",
    "Html": "See other posts and documentation for information about access rights and the Task Scheduler.<br />\n",
    "PostedDate": "2014-05-17T10:12:33.173-07:00",
    "UserRole": null,
    "MarkedAsAnswerDate": "2015-09-01T10:05:32.047-07:00"
  }
]