[
  {
    "Id": "1473346",
    "ThreadId": "654629",
    "Html": "In the TaskEditDialog, it seem that use can input some invalid string, but there is not any warn or error dialog showed.\r<br />\nIs it expected?<br />\n",
    "PostedDate": "2016-05-13T00:54:40.873-07:00",
    "UserRole": null,
    "MarkedAsAnswerDate": null
  },
  {
    "Id": "1473410",
    "ThreadId": "654629",
    "Html": "This dialog now displays an error indicator if any of the duration values are not valid.<br />\n",
    "PostedDate": "2016-05-13T16:20:26.29-07:00",
    "UserRole": null,
    "MarkedAsAnswerDate": "2016-05-13T16:20:31.89-07:00"
  }
]