[
  {
    "Id": "820281",
    "ThreadId": "351280",
    "Html": "\r\n<p>Hi all, I just wanted to share this with you...</p>\r\n<p>If you're building a WPF application and you're using the TaskEditor and/or Wizard, you'll notice that the UI does not look as nice as it should... The visual styles are disabled.</p>\r\n<p>Since you're building a WPF application, there is no &quot;Use XP Visual Styles&quot; in your project properties, nor can you set the EnableVisualStyles() property of Application (since it does not exists).</p>\r\n<p>However this can be solved and the solution is quite simple (once you find out). You can just set the visual style like this in e.g. the constructor of your main window (where InitializeComponent is called):</p>\r\n<p>System.Windows.Forms.Application.EnableVisualStyles();</p>\r\n<p>It's pretty simple, but took me quite some time to find out... So that's why I'm posting this hear now.</p>\r\n",
    "PostedDate": "2012-04-05T02:15:47.137-07:00",
    "UserRole": null,
    "MarkedAsAnswerDate": null
  }
]