[
  {
    "Id": "1253327",
    "ThreadId": "547669",
    "Html": "Hi\r<br />\nit's possible to translate the component in another language ? in French\r<br />\nIf you wan't i assume that\r<br />\nThx<br />\n",
    "PostedDate": "2014-06-05T08:00:10.25-07:00",
    "UserRole": null,
    "MarkedAsAnswerDate": null
  },
  {
    "Id": "1253725",
    "ThreadId": "547669",
    "Html": "I would greatly appreciate any help with a French translation (or any language for that matter). Please send me (dahall) a direct message by clicking on my name to the left here and then clicking the &quot;Contact&quot; envelope and typing a message. This will allow me to reply directly to your email with the files I have with translations for you to fill out. Once you return them, I'll roll them into the next release.<br />\n",
    "PostedDate": "2014-06-06T08:04:10.433-07:00",
    "UserRole": null,
    "MarkedAsAnswerDate": null
  }
]