[
  {
    "Id": "425682",
    "ThreadId": "207849",
    "Html": "<p>Hello All,</p>\r\n<p>Did any one try to create a WPF TaskEditor , for poeple running WPF Application ?</p>\r\n<p>BR</p>\r\n<p>Shahbour</p>",
    "PostedDate": "2010-03-30T14:34:33.683-07:00",
    "UserRole": null,
    "MarkedAsAnswerDate": null
  },
  {
    "Id": "425763",
    "ThreadId": "207849",
    "Html": "<p>There is not a WPF editor in the current library (1.5). If you find one or create one, please post it for everyone else.</p>",
    "PostedDate": "2010-03-30T20:14:28.627-07:00",
    "UserRole": null,
    "MarkedAsAnswerDate": null
  }
]