[
  {
    "Id": "1472952",
    "ThreadId": "654488",
    "Html": "In the TriggerEditorDialog, when I chose Daily trigger, it is able to input 200 in the &quot;Recur every;&quot; control.<br />\nBut if I click OK, all number larger than 100 will just become 100.<br />\n<br />\nIf I try to input  0 or a negative number, it will throw exception as well.<br />\n<br />\nMaybe handle with it in UI will be more friendly.<br />\n",
    "PostedDate": "2016-05-10T01:34:21.273-07:00",
    "UserRole": null,
    "MarkedAsAnswerDate": null
  },
  {
    "Id": "1473055",
    "ThreadId": "654488",
    "Html": "I had set the min value to 0 instead of 1 and the max to 100 instead of short.MaxValue. That will fix the exception. As far as the UpDownNumericControl telling me it is changing the value to the min or max, there isn't a simple way to check that in code and alert the user. I was able to eliminate the ability to use a negative sign.<br />\n",
    "PostedDate": "2016-05-10T11:50:37.523-07:00",
    "UserRole": null,
    "MarkedAsAnswerDate": "2016-05-10T11:50:41.807-07:00"
  },
  {
    "Id": "1473576",
    "ThreadId": "654488",
    "Html": "In 2.5.20, I find the max value of DaysInterval is 32676, and the library will throw an exception when try to save.<br />\n<br />\nI just read the article in MSDN, and I found <a href=\"https://msdn.microsoft.com/en-us/library/windows/desktop/aa382625(v=vs.85).aspx\" rel=\"nofollow\">this</a> .<br />\nIt says that the max value in system is 365, so the value large than 365 may cause an exception.<br />\n",
    "PostedDate": "2016-05-16T01:09:39.3-07:00",
    "UserRole": null,
    "MarkedAsAnswerDate": null
  },
  {
    "Id": "1473632",
    "ThreadId": "654488",
    "Html": "Corrected for 2.5.21. Thanks for the catch.<br />\n",
    "PostedDate": "2016-05-16T10:09:11.017-07:00",
    "UserRole": null,
    "MarkedAsAnswerDate": null
  }
]