[
  {
    "Id": "99509",
    "ThreadId": "29867",
    "Html": "I&nbsp; need to create a job that&nbsp; runs&nbsp; on a <strong>specific week day</strong> (say every tuesday ) at&nbsp; a <strong>specific time</strong> (at 4 P.M.) . Moreover, i want&nbsp; that&nbsp; job should run with the <strong>credentails of&nbsp; currently logged on user&nbsp;</strong> OR&nbsp; in other words....i don't want&nbsp; to ask from the user his/her credentials . I tried doing this but unable to do it . One thing i am not getting is that &nbsp;how to specify the time(like 4 P.M. mentioned above)&nbsp;in a weekly trigger .&nbsp;&nbsp;Please help me out .\r\n",
    "PostedDate": "2008-06-18T07:47:49.85-07:00",
    "UserRole": null,
    "MarkedAsAnswerDate": null
  },
  {
    "Id": "105683",
    "ThreadId": "29867",
    "Html": "<span style=\"font-size:13px\">\r\n<p>&nbsp;</p>\r\n</span>\r\n<p><span style=\"font-size:13px;color:#008000\"><span style=\"font-size:13px;color:#008000\">// Get the service on the local machine<br>\r\n</span></span><span style=\"font-size:13px;color:#2b91af\"><span style=\"font-size:13px;color:#2b91af\">TaskService</span></span><span style=\"font-size:13px\"> ts = </span><span style=\"font-size:13px;color:#0000ff\"><span style=\"font-size:13px;color:#0000ff\">new</span></span><span style=\"font-size:13px\"> </span><span style=\"font-size:13px;color:#2b91af\"><span style=\"font-size:13px;color:#2b91af\">TaskService</span></span><span style=\"font-size:13px\">();\r\n<p>&nbsp;</p>\r\n<p>\r\n<p>&nbsp;</p>\r\n</span>\r\n<p>&nbsp;</p>\r\n<p>\r\n<p><span style=\"font-size:13px;color:#008000\"><span style=\"font-size:13px;color:#008000\">// Create a new task definition and assign properties<br>\r\n</span></span><span style=\"font-size:13px;color:#2b91af\"><span style=\"font-size:13px;color:#2b91af\">TaskDefinition</span></span><span style=\"font-size:13px\"> td = ts.NewTask();<br>\r\ntd.RegistrationInfo.Description = </span><span style=\"font-size:13px;color:#a31515\"><span style=\"font-size:13px;color:#a31515\">&quot;Does something&quot;</span></span><span style=\"font-size:13px\">;\r\n<p>&nbsp;</p>\r\n<p>\r\n<p>&nbsp;<span style=\"font-size:13px;color:#008000\">// Set the principle to be the interactive user<br>\r\n</span>td.Principal.LogonType = </p>\r\n</span>\r\n<p>&nbsp;</p>\r\n<p>\r\n<p><span style=\"font-size:13px;color:#2b91af\"><span style=\"font-size:13px;color:#2b91af\">TaskLogonType</span></span><span style=\"font-size:13px\">.InteractiveToken;\r\n<p>&nbsp;</p>\r\n<p>\r\n<p>&nbsp;</p>\r\n</span>\r\n<p>&nbsp;</p>\r\n<p>\r\n<p><span style=\"font-size:13px;color:#2b91af\"><span style=\"font-size:13px;color:#2b91af\"><span style=\"font-size:13px;color:#008000\">// Create a weekly trigger that will run every Tuesday<br>\r\n</span>WeeklyTrigger</span></span><span style=\"font-size:13px\"> weeklyTrigger = </span><span style=\"font-size:13px;color:#0000ff\"><span style=\"font-size:13px;color:#0000ff\">new</span></span><span style=\"font-size:13px\"> </span><span style=\"font-size:13px;color:#2b91af\"><span style=\"font-size:13px;color:#2b91af\">WeeklyTrigger</span></span><span style=\"font-size:13px\">();<br>\r\nweeklyTrigger.DaysOfWeek = </span><span style=\"font-size:13px;color:#2b91af\"><span style=\"font-size:13px;color:#2b91af\">DaysOfTheWeek</span></span><span style=\"font-size:13px\">.Tuesday;<br>\r\nweeklyTrigger.WeeksInterval = 1;\r\n<p>&nbsp;</p>\r\n<p>\r\n<p>&nbsp;<span style=\"font-size:13px;color:#008000\">// Start the trigger from today at 4pm onward (DateTime.Today starts at midnight so adding 16 hours makes it 4pm)<br>\r\n</span>weeklyTrigger.StartBoundary =&nbsp;</p>\r\n</span>\r\n<p>&nbsp;</p>\r\n<p>\r\n<p><span style=\"font-size:13px;color:#2b91af\"><span style=\"font-size:13px;color:#2b91af\">DateTime</span></span><span style=\"font-size:13px\">.Today.AddHours(16);<br>\r\ntd.Triggers.Add(weeklyTrigger);\r\n<p>&nbsp;</p>\r\n<p>\r\n<p>&nbsp;</p>\r\n</span>\r\n<p>&nbsp;</p>\r\n<p>\r\n<p><span style=\"font-size:13px;color:#008000\"><span style=\"font-size:13px;color:#008000\">// Create an action that will launch Notepad whenever the trigger fires<br>\r\n</span></span><span style=\"font-size:13px\">td.Actions.Add(</span><span style=\"font-size:13px;color:#0000ff\"><span style=\"font-size:13px;color:#0000ff\">new</span></span><span style=\"font-size:13px\"> </span><span style=\"font-size:13px;color:#2b91af\"><span style=\"font-size:13px;color:#2b91af\">ExecAction</span></span><span style=\"font-size:13px\">(</span><span style=\"font-size:13px;color:#a31515\"><span style=\"font-size:13px;color:#a31515\">&quot;notepad.exe&quot;</span></span><span style=\"font-size:13px\">, </span><span style=\"font-size:13px;color:#a31515\"><span style=\"font-size:13px;color:#a31515\">&quot;c:\\\\test.log&quot;</span></span><span style=\"font-size:13px\">, </span><span style=\"font-size:13px;color:#0000ff\"><span style=\"font-size:13px;color:#0000ff\">null</span></span><span style=\"font-size:13px\">));\r\n<p>&nbsp;</p>\r\n<p>\r\n<p>&nbsp;</p>\r\n</span>\r\n<p>&nbsp;</p>\r\n<p>\r\n<p><span style=\"font-size:13px;color:#008000\"><span style=\"font-size:13px;color:#008000\">// Register the task in the root folder</span></span><span style=\"font-size:13px\">&nbsp;<br>\r\nts.RootFolder.RegisterTaskDefinition(</span><span style=\"font-size:13px;color:#a31515\"><span style=\"font-size:13px;color:#a31515\">&quot;Test&quot;</span></span><span style=\"font-size:13px\">, td); </span></p>\r\n<p>&nbsp;</p>\r\n",
    "PostedDate": "2008-07-18T10:39:06.667-07:00",
    "UserRole": null,
    "MarkedAsAnswerDate": null
  }
]