[
  {
    "Id": "938764",
    "ThreadId": "402461",
    "Html": "\r\n<p>Which property or method of Task class identifies a OneTime task?&nbsp;</p>\r\n",
    "PostedDate": "2012-11-08T13:18:00.597-08:00",
    "UserRole": null,
    "MarkedAsAnswerDate": null
  },
  {
    "Id": "938934",
    "ThreadId": "402461",
    "Html": "<p>Add a single TimeTrigger to the task definition.</p>",
    "PostedDate": "2012-11-08T19:59:53.78-08:00",
    "UserRole": null,
    "MarkedAsAnswerDate": null
  },
  {
    "Id": "939205",
    "ThreadId": "402461",
    "Html": "<p>Dahall,</p>\r\n<p>When i created a one time task with TimeTrigger and retrieved the information, the NextRun has 12/31/1899 12:00:00 AM. Can i check for presence of this value in the NextRun to identify a task as OneTime execution? Is there a better way to do the check?</p>\r\n<p>Thanks!</p>",
    "PostedDate": "2012-11-09T08:32:24.763-08:00",
    "UserRole": null,
    "MarkedAsAnswerDate": null
  },
  {
    "Id": "939453",
    "ThreadId": "402461",
    "Html": "<p>That would be correct. The task has already exectuted unless you specified a StartBoundary in the future for the specific time you want it to run:</p>\r\n<p>new TimeTrigger(new DateTime(2012, 12, 31, 13, 0, 0, 0))</p>\r\n<p>The above would produce a task who's next run time should be Dec 31, 2012 at 1pm.</p>",
    "PostedDate": "2012-11-09T18:45:02.723-08:00",
    "UserRole": null,
    "MarkedAsAnswerDate": null
  }
]