[
  {
    "Id": "568155",
    "ThreadId": "246548",
    "Html": "\r\n<p>This project was a lot of help in learning how to work with the Task Scheduler. However the ComHandler action type doesn't seem to be working. When my code died I tried building a vanilla version of this project but it gets the same error. Every time i run\r\n a task using it i get the following:</p>\r\n<p>&quot;Task Scheduler failed to launch action &quot;&quot; in instance &quot;{2ae5c073-90cc-4838-ba87-11c85394f258}&quot; of task &quot;\\MyComTestTask 01&quot;. Additional Data: Error Value: 2147746132.&quot;</p>\r\n<p>That equates to error 0x80040154, which seems to correspond to some kind of COM lookup error. However i've verified that the TaskHandler Guids are in the registry so i'm not sure what kind of problem it could actually be. Does it work properly for you under\r\n Win7 x64? If so could you possibly share the registry keys you have for MyCOMTask?</p>\r\n<p>Thanks!</p>\r\n",
    "PostedDate": "2011-02-17T13:49:34.607-08:00",
    "UserRole": null,
    "MarkedAsAnswerDate": null
  },
  {
    "Id": "568349",
    "ThreadId": "246548",
    "Html": "<p>I spent the better part of a Saturday a few months ago&nbsp;trying to figure out why its not working on this Win7x64 and couldn't get anything working. I will post that code&nbsp;if&nbsp;I ever do. What I haven't done is try writing one in pure C++ to see if it is some .NET nuance. If you do this, let me know if you get it working.</p>",
    "PostedDate": "2011-02-17T22:38:20.037-08:00",
    "UserRole": null,
    "MarkedAsAnswerDate": null
  },
  {
    "Id": "983815",
    "ThreadId": "246548",
    "Html": "\r\n<p>I recently figured this one out and have posted the update in the Downloads area.</p>\r\n",
    "PostedDate": "2013-01-07T09:17:20.56-08:00",
    "UserRole": null,
    "MarkedAsAnswerDate": null
  }
]