[
  {
    "Id": "1402107",
    "ThreadId": "619265",
    "Html": "Hi guys, I've been using the &quot;EditorForm.Initialize&quot; command to open the editor form, but is there a way to have it open directly into the triggers / new trigger form?\r<br />\n<br />\nAt the moment I've got the editor opening but it opens on the &quot;general&quot; tab, so the user then has to click the Triggers tab, then on New.\r<br />\n<br />\nI'd much prefer if it opened directly to the new trigger window. Is that possible?<br />\n",
    "PostedDate": "2015-04-10T19:02:41.623-07:00",
    "UserRole": null,
    "MarkedAsAnswerDate": null
  },
  {
    "Id": "1407981",
    "ThreadId": "619265",
    "Html": "There is not a simple property that will allow this. However you can use a sneaky method for doing this, though it has risks of internals breaking it in the future so definitely make sure you build in error handling.<br />\n<pre><code>using (TaskService mgr = new TaskService())\n{\n  var dlg = new TaskEditDialog(mgr.RootFolder.Tasks[0], false, false);\n  try\n  {\n    TabControl tabs = dlg.Controls[&quot;taskPropertiesControl1&quot;].Controls[&quot;tabControl&quot;] as TabControl;\n    TabPage triggerTab = dlg.Controls[&quot;taskPropertiesControl1&quot;].Controls[&quot;tabControl&quot;].Controls[&quot;triggersTab&quot;] as TabPage;\n    if (tabs != null &amp;&amp; triggerTab != null)\n      tabs.SelectedTab = triggerTab;\n  }\n  catch { }\n  dlg.ShowDialog(this);\n}</code></pre>\n\n",
    "PostedDate": "2015-04-12T20:57:13.59-07:00",
    "UserRole": null,
    "MarkedAsAnswerDate": "2015-04-12T20:58:07.16-07:00"
  },
  {
    "Id": "1410187",
    "ThreadId": "619265",
    "Html": "thanks dahall, that opens the window directly into the &quot;Triggers&quot; tab which is great, but is it also possible to have it open to the &quot;New Trigger&quot; window - instead of having to press the &quot;New&quot; button?<br />\n<br />\nNot a big problem as they could just press the button, but would be nice.<br />\n<br />\nThanks and appreciate your help,<br />\n",
    "PostedDate": "2015-04-13T15:59:56.297-07:00",
    "UserRole": null,
    "MarkedAsAnswerDate": null
  },
  {
    "Id": "1411454",
    "ThreadId": "619265",
    "Html": "If you just need to create a new trigger, then use the TriggerEditDialog.<br />\n",
    "PostedDate": "2015-04-14T08:23:16.17-07:00",
    "UserRole": null,
    "MarkedAsAnswerDate": "2015-04-20T08:13:04.783-07:00"
  }
]