[
  {
    "Id": "1466493",
    "ThreadId": "652422",
    "Html": "My demo code as follows:<br />\n<pre><code>using System;\nusing System.IO;\nusing Microsoft.Win32.TaskScheduler;\n\nnamespace WrapperDemo\n{\n    internal static class Program\n    {\n        [STAThread]\n        public static void Main(string[] args)\n        {\n            var ts = new TaskService(null, null, null, null, false);\n            var td = ts.NewTask();\n            td.Actions.Add(new ExecAction(&quot;go&quot;));\n            var ted = new TaskEditDialog(ts, td, true, true);\n            ted.TaskName = &quot;test&quot;;\n\n            try\n            {\n                ted.ShowDialog();\n            }\n            catch (Exception e)\n            {\n                File.WriteAllText(@&quot;D:\\tmp\\log.txt&quot;, e.ToString());\n            }\n        }\n    }\n}\n</code></pre>\n\nswitch to &quot;Triggers&quot; tab, and click &quot;new&quot;<br />\nI chose the Trigger type to &quot;On an event&quot;<br />\n&quot;log&quot; chose to &quot;DebugChannel&quot;<br />\n&quot;source&quot; is default : &quot;Microsoft-Office-Business Connectivity Services&quot;<br />\ninput the &quot;eventID&quot; 1234566<br />\n<br />\nAnd then I click &quot;OK&quot;, and get the exception:<br />\n<pre><code>System.Runtime.InteropServices.COMException (0x80070032): (10,257):Subscription:&lt;QueryList&gt;&lt;Query Id=&quot;0&quot; Path=&quot;DebugChannel&quot;&gt;&lt;Select Path=&quot;DebugChannel&quot;&gt;*[System[Provider[@Name='Microsoft-Office-Business Connectivity Services'] and EventID=123456]]&lt;/Select&gt;&lt;/Query&gt;&lt;/QueryList&gt;\n   at Microsoft.Win32.TaskScheduler.V2Interop.ITaskFolder.RegisterTaskDefinition(String Path, ITaskDefinition pDefinition, Int32 flags, Object UserId, Object password, TaskLogonType LogonType, Object sddl)\n   at Microsoft.Win32.TaskScheduler.TaskFolder.RegisterTaskDefinition(String Path, TaskDefinition definition, TaskCreation createType, String UserId, String password, TaskLogonType LogonType, String sddl)\n   at Microsoft.Win32.TaskScheduler.TaskEditDialog.okBtn_Click(Object sender, EventArgs e)\n   at System.Windows.Forms.Control.OnClick(EventArgs e)\n   at System.Windows.Forms.Button.OnClick(EventArgs e)\n   at System.Windows.Forms.Button.OnMouseUp(MouseEventArgs mevent)\n   at System.Windows.Forms.Control.WmMouseUp(Message&amp; m, MouseButtons button, Int32 clicks)\n   at System.Windows.Forms.Control.WndProc(Message&amp; m)\n   at System.Windows.Forms.ButtonBase.WndProc(Message&amp; m)\n   at System.Windows.Forms.Button.WndProc(Message&amp; m)\n   at System.Windows.Forms.Control.ControlNativeWindow.OnMessage(Message&amp; m)\n   at System.Windows.Forms.Control.ControlNativeWindow.WndProc(Message&amp; m)\n   at System.Windows.Forms.NativeWindow.DebuggableCallback(IntPtr hWnd, Int32 msg, IntPtr wparam, IntPtr lparam)\n   at System.Windows.Forms.UnsafeNativeMethods.DispatchMessageW(MSG&amp; msg)\n   at System.Windows.Forms.Application.ComponentManager.System.Windows.Forms.UnsafeNativeMethods.IMsoComponentManager.FPushMessageLoop(IntPtr dwComponentID, Int32 reason, Int32 pvLoopData)\n   at System.Windows.Forms.Application.ThreadContext.RunMessageLoopInner(Int32 reason, ApplicationContext context)\n   at System.Windows.Forms.Application.ThreadContext.RunMessageLoop(Int32 reason, ApplicationContext context)\n   at System.Windows.Forms.Application.RunDialog(Form form)\n   at System.Windows.Forms.Form.ShowDialog(IWin32Window owner)\n   at System.Windows.Forms.Form.ShowDialog()\n   at WrapperDemo.Program.Main(String[] args) in C:\\Users\\lhuang2\\documents\\visual studio 2015\\Projects\\WrapperDemo\\WrapperDemo\\Program.cs:line 20</code></pre>\n\n======================another expection====================<br />\nthe demo code is same.<br />\nand the trigger is event, too.<br />\nI click &quot;Custom&quot; radio botton, and click &quot;Edit Event Filter&quot;.<br />\nfor now, the &quot;Event sources&quot; DropDownList is disable.<br />\nbut if I choose a or some in &quot;Event logs&quot; DropDownList , the &quot;Event sources&quot; DropDownList become enable.<br />\nAnd I try to choose some item in &quot;Event sources&quot; DropDownList, It crash.<br />\n<br />\n<br />\n<br />\n<br />\nI miss anything? Or there are some BUG?<br />\n",
    "PostedDate": "2016-03-11T01:13:42.637-08:00",
    "UserRole": null,
    "MarkedAsAnswerDate": null
  },
  {
    "Id": "1466639",
    "ThreadId": "652422",
    "Html": "Bugs. I have them both fixed for the next release (2.5.16), due shortly. Thanks for helping identify them.<br />\n",
    "PostedDate": "2016-03-12T15:46:54.497-08:00",
    "UserRole": null,
    "MarkedAsAnswerDate": null
  }
]